tag,items*count
Python,73935
JavaScript,53062
Ruby,39913
Rails,38225
AWS,37383
PHP,28337
Docker,24822
Java,22741
iOS,21267
Swift,21183
Android,19374
Linux,18339
Node.js,16123
Python3,15960
Git,15599
C#,15364
Unity,15144
React,15123
Laravel,13552
Mac,13377
Vue.js,12752
CSS,12564
TypeScript,12524
MySQL,12425
HTML,12340
Go,12321
機械学習,11817
GitHub,11369
Windows,10771
C++,10769
Ubuntu,9278
RaspberryPi,8906
Xcode,8484
VSCode,7690
Azure,7601
Kotlin,6739
SQL,6588
DeepLearning,6455
CentOS,6197
kubernetes,6171
jQuery,6108
Firebase,5772
Bash,5739
Flutter,5732
lambda,5477
Django,5433
WordPress,5429
AtCoder,5318
PostgreSQL,5289
C,5042
EC2,4981
Vim,4965
docker-compose,4820
Heroku,4788
Excel,4787
MacOSX,4753
Security,4743
gcp,4650
Windows10,4603
R,4583
Vagrant,4574
ShellScript,4567
Slack,4563
Arduino,4434
Salesforce,4423
API,4417
nginx,4304
GoogleAppsScript,4232
Nuxt,4076
Objective-C,4052
TensorFlow,4027
SpringBoot,4027
Rust,3977
PowerShell,3937
IoT,3891
SSH,3861
Elixir,3860
OpenCV,3766
競技プログラミング,3759
HTML5,3712
migrated,3706
AI,3631
Angular,3616
S3,3540
oracle,3496
MachineLearning,3478
AndroidStudio,3421
centos7,3342
Scala,3316
JSON,3299
Apache,3296
pandas,3281
Chrome,3270
プログラミング,3221
Ansible,3208
VBA,3163
GAS,3153
メモ,3130
小川メソッド,3103
テスト,3081
Network,3075
アルゴリズム,3068
VirtualBox,2951
数学,2940
npm,2887
GoogleCloudPlatform,2885
Qiita,2878
Web,2841
ChatGPT,2827
Next.js,2664
データ分析,2642
Dart,2627
Terraform,2566
RSpec,2565
Markdown,2555
ibmcloud,2545
Twitter,2495
Terminal,2483
フロントエンド,2433
iPhone,2408
自然言語処理,2399
homebrew,2392
Selenium,2375
webpack,2334
.NET,2331
Emacs,2315
SwiftUI,2304
error,2299
VisualStudioCode,2297
Elasticsearch,2287
環境構築,2279
shell,2275
VisualStudio,2261
Haskell,2210
reactnative,2209
Keras,2205
Linux コマンド,2167
matplotlib,2145
Rails5,2119
Zsh,2117
Jupyter,2111
linebot,2110
aws-cli,2102
numpy,2070
PyTorch,2043
GitHubActions,2018
Blockchain,2014
CSS3,2013
WSL,1989
GitLab,1974
macOS,1973
Flask,1973
プログラミング初心者,1961
統計学,1943
Eclipse,1933
入門,1932
個人開発,1928
スクレイピング,1865
資格,1852
オブジェクト指向,1835
英語,1828
spring,1827
画像処理,1824
Bootstrap,1815
Perl,1813
AdventCalendar,1779
Jenkins,1765
正規表現,1761
RPA,1751
電子工作,1751
MongoDB,1751
Gem,1741
DB,1726
Google,1714
BigQuery,1705
gradle,1696
ROS,1688
データサイエンス,1683
Databricks,1636
深層学習,1633
WSL2,1619
UE4,1616
CSV,1611
AUTOSAR,1608
SQLServer,1581
Rails6,1580
GoogleSpreadSheet,1576
Anaconda,1569
Unity3D,1568
HTTP,1567
oci,1561
エンジニア,1558
CircleCI,1541
redux,1539
Express,1539
oraclecloud,1518
Rails チュートリアル,1512
PHP7,1508
node-red,1507
CloudFormation,1498
Ethereum,1496
ESP32,1481
CakePHP,1470
ATOM,1465
IntelliJ,1461
Database,1452
AWS 認定試験,1451
CTF,1449
Sass,1425
DoCAP,1424
kintone,1418
APIGateway,1416
GraphQL,1394
WPF,1384
Microsoft,1379
Julia,1372
ECS,1367
SSL,1357
vmware,1356
tips,1350
LaTeX,1345
RDS,1342
Redmine,1342
LINE,1337
UI,1326
DynamoDB,1315
自動化,1314
Firestore,1298
Kaggle,1298
ubuntu18.04,1289
Cloud,1289
ゲーム制作,1283
初学者向け,1270
PowerBI,1266
Electron,1250
UiPath,1240
LINEmessagingAPI,1228
Redis,1227
MATLAB,1211
Design,1209
Debian,1208
ubuntu20.04,1204
デザインパターン,1200
データベース,1197
VR,1195
FPGA,1194
基本情報技術者試験,1190
PowerAutomate,1180
java8,1180
NLP,1173
es6,1172
scikit-learn,1164
ディープラーニング,1148
gulp,1148
devise,1142
設計,1134
coding,1129
cloud9,1117
Bluemix,1115
WebGL,1113
ExcelVBA,1107
PDF,1107
TwitterAPI,1101
勉強会,1095
参考文献,1092
IAM,1092
M5stack,1089
コマンド,1085
Spark,1079
REST-API,1077
container,1072
debug,1069
インストール,1067
scss,1064
serverless,1060
chrome-extension,1059
mariadb,1053
初学者,1049
Blender,1049
spreadsheet,1048
UnrealEngine,1047
Composer,1043
PowerApps,1035
Rails4,1030
CI,1027
どう書く,1024
CloudFront,1014
curl,1011
Ajax,1010
アジャイル,1010
bot,1009
zabbix,1007
android 開発,996
pip,996
DDD,995
SQLite3,987
Jest,985
CloudWatch,983
Xamarin,982
未経験エンジニア,979
processing,978
chef,974
WebAPI,974
ESLint,970
UNIX,969
mecab,968
CoffeeScript,967
Alexa,957
dns,957
raspbian,956
アプリ開発,954
dockerfile,950
ffmpeg,948
ActiveRecord,940
CLI,939
discord,937
pyenv,921
colaboratory,920
JupyterNotebook,916
Maven,915
cppBuilder,910
論文読み,899
インフラ,899
leetcode,896
画像認識,894
vpc,894
GoogleColaboratory,891
開発環境,890
GPU,885
Vuetify,878
OSS,878
Chainer,876
devops,875
CUDA,873
ubuntu16.04,872
YouTube,872
Raspberrypi3,870
GIS,865
HTTPS,860
量子コンピュータ,856
Phoenix,855
Let’sEncrypt,854
Fluentd,852
GoogleAnalytics,848
初心者エンジニア,843
three.js,843
rbenv,841
強化学習,839
Vuex,836
.NETCore,836
Cisco,836
チュートリアル,832
ネタ,826
OpenSSL,826
TeX,823
OAuth,821
XML,820
vue-cli,819
ブロックチェーン,819
PHPUnit,816
YARN,810
amplify,806
SoftLayer,806
配列,798
axios,796
TechEnglish,795
SVG,790
転職,788
マネジメント,784
スクラム,782
bat,782
Bitcoin,780
cron,780
VPN,778
IFTTT,778
babel,774
Keyboard,773
Facebook,773
人工知能,772
minecraft,768
archLinux,767
websocket,765
tmux,763
Swift4,762
BLE,762
関数型プログラミング,760
proxy,760
SourceTree,758
solidity,757
STM32,747
Firefox,747
OpenAI,746
PhpStorm,746
CocoaPods,745
GAE,745
command,742
プロジェクト管理,739
Watson,738
mail,737
Gmail,736
Tomcat,735
Kibana,734
GoogleMapsAPI,733
cakephp3,731
route53,729
bioinformatics,726
algorithm,726
canvas,720
cocos2d-x,716
MySQL8.0,715
CNN,712
数値計算,711
math,711
python2.7,710
WindowsServer,710
ASP.NET_Core,709
最適化,706
FreeBSD,706
学習,701
まとめ,701
VB.Net,698
WebRTC,697
centos8,695
openshift,694
Swift5,693
GoogleHome,692
RStudio,692
M1,691
SAP,687
ionic,681
Elm,680
Clojure,679
laravel5,677
コマンドプロンプト,676
Lua,676
bluetooth,675
cloudfunctions,667
リファクタリング,666
Fargate,665
翻訳,665
SORACOM,662
Apex,662
SPA,659
Delphi,659
AR,658
cognito,654
yhpg,654
.NETFramework,652
analytics,651
mqtt,650
PlayFramework,647
PowerPlatform,644
gRPC,642
AWS 認定ソリューションアーキテクト,642
Shader,637
可視化,636
ImageMagick,634
駆け出しエンジニア,630
font,629
ニュース,623
3D,622
swagger,621
Cordova,621
GoogleDrive,618
Tkinter,617
Fortran,616
自分用メモ,613
UnrealEngine4,611
GithubPages,611
migration,609
game,609
JUnit,608
sympy,608
mbed,607
tailwindcss,605
Udemy,603
CICD,601
Groovy,600
stripe,599
FileMaker,599
プログラミング勉強日記,598
ポートフォリオ,598
GCC,598
Qt,597
Hubot,595
Office365,594
ASP.NET,594
unittest,593
TDD,593
animation,590
Safari,589
C++11,588
Laravel6,587
Web アプリケーション,587
FuelPHP,585
ROS2,584
UX,584
テスト自動化,580
Splunk,580
GLSL,580
AzureFunctions,579
Tableau,579
NVIDIA,579
Yum,579
Capistrano,579
Teams,575
チーム開発,575
kernel,574
UIKit,572
Swift3.0,568
expo,567
サーバー,567
Java 入門,566
AmazonLinux2,565
ニューラルネットワーク,565
PWA,564
gatsby,560
Bundler,560
RxSwift,559
ショートカット,559
Bitbucket,558
YAML,557
AlibabaCloud,556
laravel8,555
BeautifulSoup,555
hadoop,554
fish,551
非同期処理,550
AWK,550
obniz,549
WebAssembly,549
SEO,549
GKE,548
ドメイン駆動設計,548
ECMAScript,546
twilio,545
xampp,544
material-ui,543
slackbot,543
FizzBuzz,541
paiza,540
AmazonLinux,540
VBScript,540
Erlang,539
promise,538
RaspberryPi4,537
Unity2D,537
GUI,537
Netlify,532
eks,531
batch,526
CMake,526
JetsonNano,523
ServiceNow,523
勉強メモ,523
Apple,523
認証,521
react-native,517
systemd,515
AWSLambda,514
prometheus,514
ARM,514
SublimeText,514
AzureAD,513
統計,511
ProjectEuler,511
p5.js,509
access,508
log,508
haml,508
neovim,507
Hyper-V,507
cookie,507
Pepper,503
Word,503
CDK,502
SPSS,499
Web サービス,498
dlang,498
Realm,497
バッチファイル,496
windows7,494
学習記録,493
HelloWorld,493
jq,490
ElasticBeanstalk,489
brew,489
GoogleAppEngine,488
AutomationAnywhere,487
言語処理 100 本ノック,487
基礎,487
Athena,486
OracleDatabase,485
監視,485
ブラウザ,483
Sinatra,483
audio,481
AppleScript,481
暗号,480
WiFi,480
OpenGL,478
運用,475
JWT,475
openstack,475
NestJS,474
ServerlessFramework,474
NEM,472
mamp,472
borgWarp,471
Pycharm,471
elb,471
ArduinoIDE,470
link,470
openFrameworks,470
vps,469
Vue3,468
エラー対処,468
maya,467
grafana,465
JetpackCompose,464
ARKit,463
LineNotify,463
scipy,462
Deno,460
iTerm2,460
コミュニケーション,459
ライブラリ,459
Alibaba クラウド,458
puppeteer,457
d3.js,457
storybook,455
アーキテクチャ,454
Cognos,453
Aurora,453
postfix,453
mysql5.7,451
音声認識,451
prettier,450
RHEL,450
グラフ,449
Angular2,448
vimrc,448
db2,446
mruby,446
FastAPI,443
googleapi,443
nosql,442
Validation,442
QiitaAPI,440
I2C,439
SublimeText3,439
cmd,438
sed,437
形態素解析,435
データ構造,434
CORS,434
HoloLens,433
競プロ,433
Amazon,433
JupyterLab,431
KaliLinux,431
日記,431
NCMB,429
効率化,429
Ｅ資格,427
デプロイ,427
OS,427
アプリ,427
slack-api,426
paiza.IO,426
MVVM,426
VRChat,425
Webhook,425
脆弱性,424
redshift,424
ツール,423
django-rest-framework,422
monaca,422
PowerPoint,422
SPSS_Modeler,421
PlantUML,421
TravisCI,420
関数,420
lisp,419
Plugin,418
文字コード,417
grep,417
Windows11,414
bootstrap4,414
Datadog,414
ActiveDirectory,414
JSX,414
Capybara,414
Progate,413
scraping,413
Symfony,412
Storyboard,411
SharePoint,410
キャリア,409
ゲーム,409
CodeBuild,408
Oculus,405
CentOS6.x,403
Xaml,402
cloudflare,401
redhat,401
小ネタ,400
資格勉強,399
機械学習入門,399
boto3,399
micropython,397
SSL 証明書,396
IP アドレス,396
Plunker,395
ラズパイ,393
IDE,393
photoshop,393
PowerQuery,392
datetime,392
RuboCop,391
Conoha,391
LINQ,391
mastodon,390
新卒エンジニア,390
技術書,388
F#,388
kubectl,387
リモートワーク,386
プログラミング教育,386
アセンブラ,386
SNS,386
react-hooks,384
HOUDINI,384
Xamarin.Forms,384
Makefile,384
Blazor,383
SageMaker,383
OpenAPI,383
線形代数,383
Ubuntu22.04,382
redash,382
統計検定,382
Shopify,381
microbit,381
Thymeleaf,381
読書,381
vite,380
hooks,379
プロジェクトマネジメント,378
アウトプット,378
microservices,378
enebular,377
ゲーム開発,377
Adobe,377
TouchDesigner,376
chart.js,376
Scratch,376
SQLite,375
ses,375
vue-router,374
Cygwin,373
IE,373
Zoom,372
USB,372
IPv6,372
Prolog,372
Nim,371
環境変数,371
gce,371
Unicode,371
CMS,369
performance,368
QA,368
OCR,368
Outlook,368
phpMyadmin,368
Svelte,367
Subversion,367
ShinobiLayer,365
拡張機能,364
PHP8,362
クラス,362
ECR,361
Cocoa,361
Chromebook,360
mvc,360
アニメーション,360
組み込み,359
awscli,359
StableDiffusion,358
laravel5.5,358
IBM,358
FontAwesome,358
KVM,358
Notion,357
CodePipeline,357
MaterialDesign,357
enum,357
Microsoft365,356
M5StickC,355
Symbol,355
Embulk,355
画像,355
書籍,355
OpenJDK,355
async,354
ESXi,354
unicorn,354
Eloquent,353
iPad,353
BI,351
teraterm,351
samba,351
ansible-playbook,350
トラブルシューティング,350
NewRelic,349
AzureDevOps,348
Apache2.4,348
仮想通貨,347
ハッカソン,347
QGIS,346
時系列解析,344
開発プロセス,344
CommonLisp,344
Kafka,343
Chatwork,343
array,343
GitLab-CI,342
ハンズオン,341
grunt,341
Pipenv,340
マーケティング,340
deploy,339
GPS,337
動画,337
AlexaSkillsKit,336
ロボット,336
word2vec,336
ワンライナー,336
COVID-19,335
マクロ,335
MyBatis,335
form,335
GoogleCalendar,335
CoreOS,334
uml,334
OpenStreetMap,334
ノーコード,333
C++14,333
statistics,333
EC-CUBE4,332
php-fpm,332
RubyMine,332
selenium-webdriver,331
DockerHub,331
データ可視化,329
awsIoT,328
RaspberryPiPico,326
chatbot,326
alpine,325
editor,325
FirebaseAuth,324
authentication,324
English,324
server,324
CPU,323
PowerAutomateDesktop,322
glue,322
物体検出,321
Peco,321
Titanium,321
AtCoderBeginnerContest,320
LaraDock,320
Unity 入門,320
login,320
MacBook,319
leaflet,319
QiitaAzure,318
Ubuntu14.04,318
sam,318
Lightsail,317
difference,317
初投稿,317
TLS,317
I18n,317
slim,317
DI,316
TreasureData,316
ALB,315
MNIST,315
ngrok,315
業務効率化,314
SSO,314
仮想環境,314
rest,314
CleanArchitecture,313
pug,313
zip,313
勉強法,312
CDN,312
OculusQuest,311
create-react-app,311
教育,311
物理,311
Socket.io,311
rancher,309
地図,309
MIDI,309
bookmarklet,309
シミュレーション,309
sbt,309
エディタ,308
データサイエンティスト,307
フレームワーク,307
日本語,307
swift3,305
バックアップ,305
jira,305
xdebug,305
svn,305
UnityEditor,304
discord.py,303
apollo,303
ESP-WROOM-02,303
aws-sdk,303
RxJS,303
AppStore,303
Edge,303
Beginner,303
さくら VPS,302
agile,301
TCP,301
outsystems,300
fastlane,300
Auth0,300
チームビルディング,300
scrum,300
QRcode,300
sqlalchemy,300
文字列,299
GAN,298
zynq,298
JavaEE,298
IaC,297
URL,297
adMob,296
CloudRun,294
testing,294
carrierwave,294
UniRx,293
codepen,293
sort,293
Keycloak,292
map,292
writeup,291
パフォーマンス,291
バージョン管理,291
PRML,291
sklearn,290
Mattermost,290
高速化,290
シェル芸,290
検索,290
Basic 認証,290
apt,290
dialogflow,289
EC-CUBE,289
ドメイン,289
Win32API,289
SRE,288
pillow,288
ショートカットキー,288
IIS,288
Drupal,288
VMware_ESXi,287
コンポーネント,287
さくらのクラウド,287
ggplot2,287
QuantumComputing,285
応用情報技術者試験,285
Hugo,285
VBA マクロ,285
IBMi,284
ORM,284
コロナウイルス,283
CodeCommit,283
DataFrame,283
JetBrains,283
QEMU,283
ComputerVision,283
flash,283
clang,283
ドキュメント,282
automation,282
記事投稿キャンペーン\_ChatGPT,281
Postman,281
FirebaseCloudFunctions,280
Logstash,280
コーディング規約,280
Backlog,280
Xcode8,279
ズンドコキヨシ,279
TOPPERS,279
SublimeText2,278
bert,277
webpacker,277
minikube,277
CognitiveServices,277
コーディング,277
JSP,277
riot,276
.NETFramework2.0,275
figma,275
plotly,275
teradata,275
JDBC,275
JavaFX,275
AutoLayout,274
Sphinx,274
dom,274
LINEWORKS,273
AutoHotkey,273
ソート,272
password,272
stepfunctions,271
単語帳,271
WebComponents,271
iOS13,270
seaborn,270
Kinesis,270
Transformer,269
openid_connect,269
vSphere,269
AfterEffects,269
Backbone.js,269
ftp,268
UTF-8,268
CodeIgniter,268
python3.7,267
coursera,267
echo,267
SendGrid,267
Push 通知,267
Make,267
template,267
react-router,266
Robot,266
date,266
L チカ,265
インフラエンジニア,265
チートシート,265
ログ,265
venv,264
情報処理技術者試験,264
class,264
Streamlit,263
メソッド,263
uGUI,263
CentOS6,263
purescript,263
制御工学,262
sqs,262
e2e,262
Wireshark,262
イベント,262
spring-security,262
リーダブルコード,261
ActionScript,261
AutoML,260
Jetson,260
Nerves,260
LSTM,260
Crystal,260
ソフトウェアテスト,260
g++,260
ssh 公開鍵認証,260
illustrator,260
pytest,259
新人教育,259
rubygems,259
MovableType,259
Requests,258
adb,258
Laravel7,257
fukuoka.ex,257
gin,257
文字化け,257
helm,257
ue5,256
ActiveStorage,256
jsdo,256
list,256
本,256
Carthage,255
nodebrew,255
neo4j,255
framework,255
tool,255
BotFramework,254
確率,254
株価,254
Build,254
入試問題,253
laravel5.7,253
CodeDeploy,253
要件定義,253
論文,253
emacs-lisp,252
aws-cdk,251
AzureCLI,251
RxJava,251
camera,251
RSS,251
foss4g,250
レビュー,250
hive,250
G 検定,249
ETL,249
Vivado,249
VNC,249
Java11,248
UWP,248
プログラミング言語,248
GORM,248
設定,248
NFT,247
ssd,247
Verilog,247
MicrosoftTeams,246
Mackerel,246
webView,246
コードレビュー,245
Sound,245
myVisualStudioStudy,244
lightgbm,244
MicrosoftFlow,244
homestead,244
chromedriver,244
WolframAlpha,244
Scheme,244
RubyonRails6.0,243
新人エンジニア,243
並列処理,243
コンパイラ,243
SMTP,243
fedora,243
UiPathStudio,242
AppSync,242
geometry,242
rfc,242
GoogleForms,241
未経験,241
変数,241
NAS,241
Laravel9,240
40 代駆け出しエンジニア,240
NeosVR,240
RubyOnRails5.2,240
暗号化,240
mapbox,240
gpt-3,239
ObjectDetection,239
日本語訳,239
Trello,239
YouTubeAPI,239
量子ゲート,238
ArduinoUno,238
ASP.NET_MVC,238
証明書,238
office,238
Vercel,237
GoogleAssistant,237
CSS 設計,237
udp,237
GCS,237
AutoScaling,237
virtualenv,237
LDAP,237
iptables,237
Instagram,237
QISKIT,236
アクセシビリティ,236
gpio,236
IE11,236
crontab,236
プラグイン,236
gnuplot,236
Snowflake,235
Symfony2,235
stringOperation,234
iOS8,234
Wi-Fi,234
MLOps,233
Trailhead,233
ふりかえり,233
サーバー構築,233
extension,233
airflow,232
3D プリンタ,232
RDB,232
PhantomJS,232
Nokogiri,232
servlet,231
Couchbase,231
flow,231
Solr,231
OpenSSH,231
SAML,230
update,230
Phalcon,230
SDK,230
ebs,230
"HTML,CSS",229
GPT-4,228
clang++,228
conda,227
oauth2,227
nvm,227
paiza ラーニング,226
SharePointOnline,226
Linux 基本,226
image,225
Xcode11,224
docker-for-windows,224
iOS9,224
flexbox,224
GoF,224
GIF,224
Express.js,224
session,224
Graphviz,224
NFC,224
Qiitadelika,223
Vtuber,223
Storage,223
ProtocolBuffers,223
OpenVPN,223
WebStorm,223
boost,223
自作キーボード,222
Pyspark,222
命名規則,222
DesignPatterns,222
オープンデータ,222
chocolatey,222
httpd,222
Pandoc,222
macOSCatalina,221
BashOnUbuntuOnWindows,221
for 文,221
型,221
sudo,221
クソアプリ,220
oled,220
NeuralNetwork,220
DX,220
anyenv,220
GitBucket,220
AKS,219
coroutine,219
path,219
setup,219
fileIO,218
Bitrise,218
マイクロサービス,218
lamp,218
PDO,218
Dropbox,218
docker-machine,217
カンファレンス・勉強会メモ,217
mocha,217
開発,217
SSM,216
influxdb,216
YOLOv3,215
異常検知,215
PyInstaller,215
Openpyxl,215
MacbookPro,215
関数型言語,215
ベイズ推定,214
Xcode6,214
UITableView,214
cakephp2,214
fabric,214
LLM,213
bosch,213
PlatformIO,213
Visualization,213
nextcloud,212
digdag,212
DependencyInjection,212
GoogleMap,212
COTOHA,211
Kivy,211
msys2,211
Android アプリ,211
Adx2,211
jpa,211
annotation,210
自動車,210
if 文,210
Sharperlight,209
組合せ最適化,209
vbs,209
browserify,209
model,209
infrastructure,209
EventBridge,208
FirebaseHosting,208
GSuite,208
PlayCanvas,208
おうちハック,208
gcloud,208
Pascal,208
レスポンシブ,208
IPython,208
SmartContract,207
マイコン,207
Finance,207
tweepy,207
バリデーション,207
proxmox,207
Automator,207
rsync,207
VRM,206
AppService,206
trap,206
勉強,206
serverspec,206
Hyperledger-fabric,205
borgSensorSystem1,205
codingRule,205
Mock,205
Scrapy,205
nfs,205
yamaha,205
OCaml,205
Poetry,204
TensorflowLite,204
YOLO,204
OpenFOAM,204
RecyclerView,204
タスク管理,204
Cache,204
GooglePlay,204
sftp,204
コマンドライン,204
Octave,204
rake,204
Config,204
3DCG,204
flux,204
Dynamics365,203
A-Frame,203
Live2D,203
さくらエディタ,203
backup,202
Jekyll,202
base64,202
objectpascal,201
前処理,201
読書感想文,201
ntp,201
BITNAMI,201
monitoring,201
Mobile,201
Cypress,200
シリアル通信,200
オープンソース,200
Karabiner,200
自動テスト,200
Underscore.js,200
bug,200
scp,200
shortcut,199
Catalina,198
AzureMachineLearning,198
IDCF クラウド,198
初心者です,198
SaaS,198
Web スクレイピング,198
Chromium,198
合格体験記,197
UnrealC++,197
zybo,197
DataBinding,197
AMP,197
EC-CUBE3,197
lpic,197
JMeter,197
Livebook,196
nocode,196
TensorFlow.js,196
styled-components,196
gitbash,196
用語,196
VisualBasic,196
find,196
groonga,196
PayPal,196
MLflow,195
Bizrobo,195
intel,195
diff,195
CoreData,195
certbot,194
SkyWay,194
DataVisualization,194
LLVM,194
waf,194
OculusGo,193
Swift2.0,193
ServiceWorker,193
rpm,193
alias,193
ローコード,192
資格試験,192
組織,192
MFA,192
WRF,192
EntityFramework,192
JAMstack,191
RealSense,191
VyOS,191
googlecomputeengine,191
Video,191
バグ,191
geth,190
インターン,190
LibreOffice,190
音声合成,190
cloudfoundry,190
TypeORM,189
coreML,189
DApps,189
C++17,189
Yosemite,189
library,189
Visualforce,189
TeachableMachine,188
RaspberryPiZeroW,188
Python2,188
timezone,188
mBaas,188
Akka,188
STM32G031,187
POSIX,187
appium,187
FactoryBot,186
MyUnity,186
Theta,186
WebAudioAPI,186
Photon,186
wine,186
UiPathFriends,185
JDLA,185
RSA,185
Lightning,185
ファイル操作,185
emoji,185
ReinforcementLearning,184
JDK,184
discord.js,183
prisma,183
Web3,183
アジャイル開発,183
xilinx,183
動的計画法,183
InternetExplorer,183
HLS,183
RESTful,183
geo,183
AzureStorage,182
テスト駆動開発,182
バックエンド,182
日本語化,182
drone,182
Siv3D,182
post,182
sidekiq,182
Metal,182
ReactiveExtensions,182
仮想化,181
カメラ,181
Parse,181
Compass,181
istio,180
wordcloud,180
await,180
Functions,180
http2,180
行列,180
学習メモ,180
RDP,180
再帰,180
SAS,180
素数,179
gdb,179
試験,179
AmazonConnect,178
Pleasanter,178
StreamAPI,178
ChromeOS,178
単体テスト,178
bigdata,178
wget,178
color,178
development,178
Haxe,178
Router,177
packer,177
読書メモ,177
Memcached,177
Nuxt3,176
STM32L010,176
angular-cli,176
FFT,176
Desktop,176
Asset,176
pullrequest,176
JScript,176
ハードウェア,176
catapult,175
fetch,175
クラスタリング,175
さくらのレンタルサーバ,175
CloudStorage,175
AVR,175
activeadmin,175
string,175
Coq,175
picoCTF,174
AtomicDesign,174
ソフトウェア開発,174
GoogleCloudStorage,174
ポインタ,174
sh,174
ラビットチャレンジ,173
GANs,173
AsyncAwait,173
sketch,173
音楽,173
Meteor,173
WebDriver,173
量子アニーリング,172
IT パスポート,172
VC++,172
ラムダ式,172
なでしこ,172
WindowsTerminal,171
toio,171
スマートスピーカー,171
WebApps,171
RPG ツクール MV,171
xgboost,171
プロンプト,171
spring-mvc,171
WKWebView,171
Wikipedia,171
Rx,171
bottle,171
plsql,171
iOS14,170
python3.6,170
インスタンス,170
PRISM,170
pygame,170
非エンジニア,170
Presto,170
メモリ,170
uwsgi,170
langchain,169
autonomous_database,169
LIFF,169
プログラミング学習,169
Jetpack,169
riot.js,169
onsenui,169
lxc,169
CircleCI2.0,168
XCode7,168
blade,168
milkcocoa,168
シェル,168
RabbitMQ,168
squid,168
Simulink,167
量子力学,167
自己紹介,167
ssr,166
CData,166
OBS,166
AmazonEcho,166
firewalld,166
NetApp,166
xserver,166
研修,166
GoogleTagManager,166
console,166
NetBeans,166
KYOSO,165
JavaGold,165
ios11,165
wasm,165
Quantum,165
RNN,165
大学生,165
SLAM,165
モデリング,165
embedded,165
Liquid,165
CreateJS,165
cp4d,164
Kony,164
Mojave,164
DAX,164
アンチパターン,164
Unity 拡張,164
svm,164
bind,164
Confluence,164
ClojureScript,164
iPaaS,163
Sierra,163
truffle,163
interface,163
architecture,163
EMR,163
Cgi,163
Import,163
WioLTE,162
ER 図,162
ObjectStorage,162
WWDC,162
キャッシュ,162
Kobito,162
Spresense,161
crud,161
Excel 関数,161
ユニットテスト,161
PyQt5,161
snmp,161
Cassandra,161
Jackson,161
hackathon,161
Chrome 拡張,160
EV3,160
WebSphere,160
chemoinformatics,160
ZFS,160
電子回路,160
ブックマークレット,160
bower,160
stylus,160
VCI,159
OpenVINO,159
lint,159
Edison,159
初期設定,159
hash,159
Emmet,159
RubyMotion,159
FreeRTOS,158
箱庭,157
Grove,157
Choregraphe,157
プレゼンテーション,157
STS,157
SpriteKit,157
sequelize,157
広告,157
Mockito,157
ブログ,157
Alfred,157
module,157
extendscript,157
湯婆婆,156
Composition-API,156
aidemy,156
dotenv,156
顔認識,156
Thread,156
転職活動,156
Polymer,156
継承,156
ChromeDevTool,156
Jade,156
センサー,156
.htaccess,156
less,156
AppleSilicon,155
Logix,155
モブプログラミング,155
回帰分析,155
wercker,155
ejs,155
todo,155
htaccess,155
遺伝的アルゴリズム,155
laravel5.6,154
QuickSight,154
フリーランス,154
メインフレーム,154
nutanix,154
BASIC,154
Stan,154
オブジェクト,154
オセロ,154
FX,154
arm64,154
全文検索,154
concrete5,154
ransack,154
OGP,154
ドットインストール,154
Watson-Studio,153
CosmosDB,153
Spotify,153
junit5,153
リモートデスクトップ,153
acm,153
Mesh,153
Godot,153
振り返り,153
logging,153
Cluster,153
Cloudtrail,153
PostGIS,153
MinGW,153
PowerBIDesktop,152
Clova,152
logicapps,152
oracle12c,152
CloudWatch-Logs,152
Huawei,152
コメント,152
AndroidSDK,152
socket,152
Drupal8,151
Alamofire,151
ElastiCache,151
csrf,151
assembly,151
RISC-V,150
ios10,150
uiflow,150
xss,150
dotfiles,150
benchmark,150
IME,150
puma,150
Data,150
PNG,150
SAPUI5,149
気象データ,149
karabiner-Elements,149
乱数,149
WebVR,149
networkx,149
opendata,149
マルチスレッド,149
日付,149
Dash,149
regexp,149
document,149
Rails7,148
huggingface,148
elcapitan,148
EFS,148
統計学入門,148
NAOqi,148
bem,148
テンプレート,148
レポート,148
レベルアップ問題集,147
Combine,147
ML-Agents,147
プリザンター,147
Hyperledger,147
BitVisor,147
springframework,147
Web デザイン,147
SELinux,147
avfoundation,147
localhost,147
tello,146
DeepL,146
iverilog,146
laravel5.4,146
チャットボット,146
led,146
ランキング,146
moment.js,146
Mathematica,146
システム開発,146
NULL,146
yeoman,146
knockoutjs,146
RDBMS,146
ReVIEW,146
Paas,146
erb,146
whi-advent,145
Optuna,145
WordPress プラグイン,145
Liberty,145
postcss,145
gstreamer,145
ルーティング,145
BOX,145
RDKit,145
slick,145
ipsec,145
cobol,145
お名前.com,145
GPGPU,145
OmniAuth,145
tar,145
VantageCloud,144
LiveView,144
parcel,144
vuetifyjs,144
ソリューションアーキテクト,144
SystemVerilog,144
vuforia,144
比較,144
Play,144
pry,144
Podman,143
FirebaseCloudMessaging,143
Nordic,143
ビッグデータ,143
Blueprint,143
PLC,143
regex,143
Brainf\*ck,143
postgres,143
vimscript,143
oop,143
メタプログラミング,143
Smalltalk,143
jinja2,143
SystemsManager,142
脆弱性診断,142
kms,142
テストコード,142
Windows8.1,142
チューニング,142
Notification,142
homebrew-cask,142
Kindle,142
失敗談,142
license,142
AppEngine,142
script,142
ベンチマーク,142
Smarty,142
M1Mac,141
integromat,141
就活,141
WindowsUpdate,141
クローラー,141
lodash,141
SonarQube,141
SoftEther,141
view,141
PhoneGap,141
autoracex,140
BigSur,140
CakePHP4,140
macOSMojave,140
バーチャルキャスト,140
Quantx,140
ONNX,140
認定試験,140
OpenAIGym,140
cloudsql,140
JUCE,140
zapier,140
Caffe,140
分析,140
DirectX,140
vi,140
新人プログラマ応援*記事投稿キャンペーン,139
Supabase,139
vehicle,139
Looker,139
エンジニアリングマネージャー,139
FEM,139
SPI,139
PubSub,139
便利,139
gensim,139
STL,139
kaminari,139
NetBSD,139
位置情報,139
Infrastructure_as_code,138
ゲームプログラミング,138
Firewall,138
localStorage,138
リスト,138
HDL,138
iBeacon,138
zshrc,138
HDD,138
openldap,138
screen,138
HackTheBox,137
JavaSilver,137
テレワーク,137
KiCad,137
uart,137
トランザクション,137
calendar,137
公開鍵,137
jasmine,137
WSH,137
lwc,136
CloudFirestore,136
Pythonista3,136
Draw.io,136
glide,136
AzureActiveDirectory,136
色,136
SPARQL,136
VHDL,136
プログラマ,136
iTunesConnect,136
generator,136
middleman,136
Emscripten,136
CUI,136
RockyLinux,135
SwitchBot,135
WinActor,135
CloudBuild,135
UNIX コマンド,135
ethernet,135
コードリーディング,135
ChatOps,135
compiler,135
twig,135
サービス,135
GoogleCloudFunctions,134
openwrt,134
tesseract-ocr,134
ydnjp,134
例外,134
gzip,134
AIR,134
oracle19c,133
laravel5.8,133
Udemy 学習応援,133
C#入門,133
Metabase,133
tidyverse,133
Gazebo,133
abap,133
BaaS,133
Lombok,133
Putty,133
自作 PC,133
tableView,133
xpath,133
さくらの VPS,133
Automation360,132
Recoil,132
unvt,132
web3.js,132
lxd,132
例外処理,132
SceneKit,132
geojson,132
研究,132
ライセンス,132
dll,132
phpenv,132
TCPIP,132
microCMS,131
画像生成,131
因果推論,131
ESP-WROOM-32,131
unity5,131
Stream,131
文字列操作,131
XCTest,131
Atlassian,131
karma,131
RemoteDesktop,131
WindowsSubsystemForLinux,130
zOS,130
RTOS,130
移行,130
ownCloud,130
スクリプト,130
gitignore,130
snippets,130
AlmaLinux,129
deltalake,129
AZ-900,129
UX デザイン,129
dlib,129
pm,129
ShaderLab,129
グラフ理論,129
itamae,129
pulp,129
commit,129
package,129
WebP,129
ReKognition,129
gunicorn,129
ODBC,129
スクリーンショット,129
質問,129
mongoose,129
M5Atom,128
hololens2,128
プログラミングスクール,128
kubeadm,128
nodenv,128
dataflow,128
phina.js,128
emulator,128
CTO,128
AppleWatch,128
naming,128
作業ログ,128
信号処理,128
package.json,128
mono,128
AzureOpenAIService,127
react-hook-form,127
RHEL8,127
Agora.io,127
IBM-Cloud,127
PointCloud,127
actionsongoogle,127
FCM,127
Component,127
OpenSource,127
X11,127
apt-get,127
mysqldump,127
Gemfile,127
AIX,127
td-agent,127
OpenCL,127
Shiny,126
lumen,126
Workflow,126
boot2docker,126
連想配列,126
isucon,126
contentful,125
embarcadero,125
MR,125
yellowfin,125
Generics,125
微分方程式,125
ロジスティック回帰,125
UEFI,125
レンタルサーバー,125
マイグレーション,125
Vagrantfile,125
glassfish,125
memory,125
闘魂,124
IQBot,124
自動運転,124
cuDNN,124
Pipeline,124
fintech,124
Hashicorp,124
引数,124
DX ライブラリ,124
JVM,124
lvm,124
table,124
Gentoo,124
Xcode12,123
TensorFlow2.0,123
ポケモン,123
loadbalancer,123
スクラムマスター,123
stack,123
vCenter,123
asciidoc,123
music,123
gtk,123
baserCMS,123
負荷試験,123
雑記,123
M5stackCore2,122
Playwright,122
Xcode10,122
Rider,122
watchOS,122
mermaid.js,122
スタートアップ,122
HLSL,122
採用,122
SIMD,122
pixi.js,122
ISO,122
やってみた,122
controller,122
org-mode,122
Xcode9,121
yukicoder,121
SQL アンチパターン,121
インストール手順,121
CG,121
コミュニティ,121
プロトコル,121
パズル,121
nuget,121
gnome,121
フォーム,121
bashrc,121
rack,121
Riverpod,120
ArgoCD,120
SpeechToText,120
clasp,120
DQN,120
ActionCable,120
OpenAM,120
変換,120
DevTools,120
ipa,120
TeXLive,120
userscript,120
MapLibre,119
SvelteKit,119
copilot,119
AppStoreConnect,119
QMK,119
emotion,119
Bulma,119
envoy,119
mermaid,119
AdobeXD,119
Vulkan,119
Docker-Toolbox,119
abc,119
C++builder,119
crypto,119
Sqlplus,119
OAuth2.0,119
permission,119
minecraftmodding,119
UbuntuServer,119
input,119
ImageProcessing,119
UnrealEngine5,118
クラウドプラクティショナー,118
VirtualCast,118
Ktor,118
初心者応援,118
SigFox,118
情報処理安全確保支援士,118
クリーンアーキテクチャ,118
作業効率化,118
Cryptocurrency,118
mp4,118
PyPI,118
jquery.ui,118
YOLOV5,117
powervs,117
dotnet,117
pyautogui,117
生産性向上,117
5G,117
DB 設計,117
OIDC,117
cargo,117
演算子,117
Faker,117
ET ロボコン,117
quartus,117
mosquitto,117
ping,117
SeleniumIDE,117
MP3,117
multiprocessing,117
MediaPipe,116
MUI,116
AmazonDashButton,116
基礎知識,116
品質,116
version,116
x86,116
数式,116
Simulator,116
RHEL7,116
Max-MSP,116
基本,116
RAID,116
Fragment,116
OpenWeatherMap,116
exif,116
pacemaker,116
CloudShell,115
Termux,115
数理最適化,115
intra-mart,115
科学技術計算,115
XRDP,115
wp-cli,115
SequelPro,115
Cython,115
HHKB,115
プロキシ,115
ライフハック,115
Linux_Mint,115
git-flow,115
codeiq,115
Yii,115
Crashlytics,115
apache2,115
Random,115
nx,114
mapbox-gl-js,114
OpenPose,114
Binary,114
標準入力,114
面接,114
仮想マシン,114
WatchKit,114
serial,114
WinForms,114
branch,114
civictech,114
いいね,114
Routing,114
Evernote,114
カレンダー,114
event,114
flutter_web,113
Vive,113
ビット演算,113
ストレージ,113
nucleo,113
IchigoJam,113
DHCP,113
MVP,113
LT,113
Puppet,113
blueprism,112
LPIC101,112
条件分岐,112
vuls,112
Tensorboard,112
AzureWebApps,112
感情分析,112
HPC,112
Recommendation,112
インタープリタ,112
IT,112
Search,112
yocto,112
workspaces,112
Carbon,112
mount,112
dovecot,112
JPEG,112
Lubuntu,112
VM,112
jsf,112
dos,112
RPA ツール,111
LocalStack,111
Fiori,111
delete,111
State,111
辞書,111
GraphAPI,111
sentry,111
LeapMotion,111
minitest,111
supervisor,111
Delegate,111
turbolinks,111
Beanstalk,111
FactoryGirl,111
tanzu,110
PySimpleGUI,110
技術書典,110
FreeCAD,110
redux-saga,110
petalinux,110
difficultToSearch,110
Spacemacs,110
主成分分析,110
新人,110
rundeck,110
datastore,110
translation,110
MPI,110
仕事,110
dictionary,110
Grails,110
Vantage,109
LightningWebComponents,109
AzurePipelines,109
ultra96,109
SemanticSegmentation,109
Lidar,109
HighSierra,109
MicrosoftGraph,109
raspberrypi2,109
FeliCa,109
OneDrive,109
reinvent,109
VST,109
artisan,109
indesign,109
プログラム,109
アイコン,109
PIL,109
構文解析,109
Blog,109
ServiceNow 小ネタ,108
Snyk,108
ドローン,108
folium,108
独学,108
Vapor,108
Magento2,108
ビットコイン,108
Query,108
ハッシュ,108
minio,108
エンジニアのキャリア,108
Get,108
Cesium,108
HttpClient,108
Push,108
QR コード,108
chef-solo,108
RMagick,108
button,108
Django2.0,107
ElementUI,107
headless-chrome,107
医療,107
vectortile,107
DataSpider,107
無料,107
Editor 拡張,107
spigot,107
whisper,107
tmlib.js,107
iframe,107
xargs,107
TortoiseGit,107
Perl6,107
MFC,107
navigation,107
rvm,107
doctrine,107
redux-toolkit,106
Lighthouse,106
macOSSierra,106
angularMaterial,106
apiconnect,106
プロダクトマネジメント,106
Pythonista,106
juniper,106
正規化,106
Object,106
asterisk,106
通信,106
RadStudio,106
BIOS,106
lifehack,106
カスタマーデータプラットフォーム,105
ubuntu18.04LTS,105
EntityFramework_Core,105
静的解析,105
競馬,105
index,105
QA エンジニア,105
widget,105
Function,105
学生,105
テキストエディタ,105
UICollectionView,105
無線 LAN,105
reflection,105
スマホ,105
リバースプロキシ,105
text,105
enchant.js,105
thinkpad,105
Flex,105
k3s,104
SIGNATE,104
OpenSiv3D,104
PYNQ,104
ルーター,104
AS400,104
情シス,104
KUSANAGI,104
JAWS-UG,104
PDF 変換,104
Blockly,104
FullCalendar,104
wiki,104
エンジニア夏休み企画,103
chakra-ui,103
FirebaseStorage,103
LoRa,103
Fusion360,103
GraphDB,103
Bootstrap3,103
決定木,103
負荷テスト,103
Fess,103
MMD,103
モナド,103
root,103
grub,103
logger,103
ActionMailer,103
WebArena,102
HeadlessCMS,102
二分探索,102
SteamVR,102
SIer,102
adamTaylor,102
fastly,102
migrate,102
セッション,102
logrotate,102
タグ,102
CCNA,102
gpg,102
mysql5.6,102
select,102
顧客分析,101
AZ-104,101
Temenos,101
ADDA,101
Shortcuts,101
Autoencoder,101
tvOS,101
障害対応,101
見積もり,101
flowtype,101
さくらインターネット,101
音声処理,101
tcpdump,101
locale,101
絵文字,101
macports,101
PCL,101
Mercurial,101
